snomed_id,description,ancestors,in_ptbxl,in_12sl,in_both,counts_12sl,counts_ptbxl,informative
4065283,EKG: right ventricle hypertrophy,"[4010019, 4008453, 40484102, 40480457, 4117930, 4199402, 4117134, 4103183, 441840, 43531057, 4227253, 320536, 4116633, 4023995, 4042140, 4115390, 4185503]",True,True,True,60,126,False
43021828,Right atrial enlargement,"[4008453, 4103183, 4180628, 4042140, 4185503, 4101026, 3655971, 4047779, 4028071, 134057, 4117930, 43020843, 43531056, 43531057, 321588, 4227253, 4023995, 4115390, 440142, 4043346, 4274025, 4199402, 441840, 4027255]",True,True,True,132,99,True
4008453,SNOMED CT Concept,[],True,True,True,21799,21799,False
4065285,EKG: atrial ectopics,"[4010019, 4008453, 40480457, 4117930, 4199402, 4117134, 4103183, 441840, 43531057, 4227253, 4023995, 4042140, 4115390, 4185503]",False,True,False,713,0,True
312327,Acute myocardial infarction,"[4008453, 4103183, 4180628, 4103192, 432795, 4042140, 4185503, 4047779, 4028071, 134057, 4117930, 43531056, 43531057, 321588, 4227253, 4023995, 4115390, 4108611, 4354249, 4185932, 440142, 4028367, 4043346, 319844, 4239975, 4274025, 4199402, 443883, 4027255, 441840, 4329847, 4132088, 43530876, 43530877]",True,True,True,178,150,True
4065287,EKG: supraventricular arrhythmia,"[4010019, 4008453, 40484102, 40480457, 4117930, 4199402, 4117134, 4103183, 441840, 43531057, 4227253, 320536, 4023995, 4042140, 4115390, 4185503]",True,True,True,214,157,True
4065288,EKG: atrial flutter,"[4010019, 4008453, 40484102, 40480457, 4117134, 441840, 320536]",True,True,True,151,73,False
4065290,ECG: partial atrioventricular block - 2:1,"[4010019, 4008453, 40480457, 4117930, 4199402, 4117134, 4103183, 441840, 43531057, 4227253, 4023995, 4042140, 4115390, 4185503]",False,True,False,50,0,True
314379,First degree atrioventricular block,"[4008453, 4103183, 4180628, 4042140, 4185503, 3655971, 4047779, 4028071, 320425, 134057, 43020843, 4117930, 43531056, 43531057, 321588, 4227253, 4305210, 4023995, 4115390, 4108611, 316999, 440142, 4111570, 4043346, 44784217, 316135, 4239975, 4274025, 4199402, 441840]",True,True,True,1240,793,True
4007948,Interventricular cardiac septal hypertrophy,"[4008453, 4103183, 4180628, 4042140, 40457757, 4185503, 4047779, 4028071, 134057, 4117930, 43531056, 43531057, 321588, 4227253, 4023995, 4115390, 440142, 4043346, 4166245, 4274025, 4199402, 441840, 4027255]",True,False,False,0,29,True
4167693,Disorder of left cardiac ventricle,"[4008453, 4103183, 4103184, 4180628, 4042140, 4185503, 4047779, 4028071, 134057, 4117930, 43531056, 43531057, 321588, 4227253, 4023995, 4115390, 440142, 4043346, 4166245, 4274025, 4199402, 441840]",True,True,True,1378,2251,False
316429,Premature beats,"[4008453, 4103183, 4180628, 4042140, 4185503, 4047779, 4028071, 134057, 4117930, 43531056, 43531057, 321588, 4227253, 4023995, 4115390, 440142, 4043346, 44784217, 4274025, 4199402, 441840]",True,True,True,214,20,False
4103183,Cardiac finding,"[4008453, 4117930, 4199402, 441840, 43531057, 4227253, 4023995, 4042140, 4115390, 4185503]",True,True,True,21759,21533,False
4103184,Finding of left ventricle,"[4008453, 4117930, 4199402, 4103183, 441840, 43531057, 4227253, 4023995, 4042140, 4115390, 4185503]",True,True,True,1378,2251,False
441872,Supraventricular premature beats,"[4008453, 316429, 4103183, 4180628, 4042140, 4185503, 4047779, 4028071, 134057, 4117930, 43531056, 43531057, 321588, 4227253, 4023995, 4115390, 4143042, 440142, 4043346, 44784217, 4248028, 4274025, 4199402, 441840]",False,True,False,214,0,True
4021775,Cardiac rhythm AND/OR rate finding,"[4008453, 4117930, 4199402, 4103183, 441840, 43531057, 4227253, 4094294, 4023995, 4042140, 4115390, 4185503]",True,True,True,19984,18500,False
4021776,Atrial rhythm,"[4008453, 4117930, 4199402, 4021775, 4103183, 441840, 4114162, 43531057, 4227253, 4094294, 4023995, 4042140, 4115390, 4185503]",False,True,False,47,0,True
4088336,Incomplete left bundle branch block,"[4008453, 4103183, 4180628, 4042140, 4185503, 4047779, 4028071, 320425, 134057, 4117930, 43531056, 43531057, 321588, 4227253, 4023995, 4166844, 4115390, 313791, 316998, 316999, 440142, 4043346, 44784217, 4166245, 4274025, 4199402, 441840]",True,True,True,94,77,True
4103189,Finding of heart rate,"[4008453, 4277352, 4117930, 4199402, 4021775, 4103183, 441840, 43531057, 4227253, 4094294, 4023995, 4042140, 4115390, 4185503]",True,True,True,4449,1463,False
4088337,Complete right bundle branch block,"[4008453, 4103183, 4180628, 4042140, 4185503, 4047779, 4028071, 320425, 134057, 4117930, 43531056, 43531057, 321588, 4227253, 4023995, 4166844, 4115390, 313791, 316999, 314059, 440142, 4043346, 44784217, 4166245, 4274025, 4199402, 441840]",True,True,True,721,541,True
4088338,Incomplete right bundle branch block,"[4008453, 4103183, 4180628, 4042140, 4185503, 4047779, 4028071, 320425, 134057, 4117930, 43531056, 43531057, 321588, 4227253, 4023995, 4166844, 4115390, 313791, 316999, 314059, 440142, 4043346, 44784217, 4166245, 4274025, 4199402, 441840]",True,True,True,508,1118,True
4103192,Myocardial lesion,"[4108611, 4008453, 4117930, 4199402, 4103183, 441840, 43531057, 4227253, 4023995, 4042140, 4115390, 4185503]",True,True,True,5462,6973,False
4103193,Pericardial finding,"[4008453, 4117930, 4199402, 441840, 43531057, 4023995, 4042140, 4115390, 4185503]",False,True,False,12,0,False
320536,Electrocardiogram abnormal,"[4010019, 4008453, 40484102, 40480457, 4117134, 441840]",True,True,True,11904,12864,True
4088339,rSr pattern in V1 and V2,"[4010019, 4008453, 4182311, 40480457, 4117930, 4199402, 4117134, 4103183, 441840, 43531057, 4182612, 4227253, 4103190, 4023995, 4042140, 4115390, 4185503]",False,True,False,52,0,True
4103190,Cardiac conduction system finding,"[4008453, 4117930, 4199402, 4103183, 441840, 43531057, 4227253, 4023995, 4042140, 4115390, 4185503]",False,True,False,2037,0,False
40457757,Ventricular septal abnormality,"[4008453, 4103183, 4180628, 4042140, 4185503, 4047779, 4028071, 134057, 4117930, 43531056, 43531057, 321588, 4227253, 4023995, 4115390, 440142, 4043346, 4166245, 4274025, 4199402, 441840, 4027255]",True,False,False,0,29,False
4088344,Suspect arm ECG leads reversed,"[4010019, 4008453, 4088361, 40480457, 4117134, 441840]",False,True,False,23,0,True
4239903,ECG feature,"[4181664, 4008453, 4181663, 4239283]",False,True,False,169,0,False
4038688,AV junctional rhythm,"[4008453, 4103183, 4180628, 4042140, 4185503, 3655971, 4047779, 4028071, 134057, 4117930, 43020843, 43531056, 43531057, 321588, 4227253, 4023995, 4115390, 4108611, 440142, 4043346, 44784217, 4239975, 4274025, 4199402, 441840, 4164083]",False,True,False,138,0,True
4088347,Marked sinus arrhythmia,"[4008453, 4217221, 4103183, 4180628, 4042140, 4185503, 4047779, 4028071, 134057, 4117930, 43531056, 43531057, 321588, 4227253, 4023995, 4115390, 440142, 4043346, 44784217, 4274025, 4199402, 441840]",False,True,False,278,0,True
4088348,Wide QRS ventricular tachycardia,"[4008453, 4103183, 4180628, 4042140, 4185503, 4047779, 4028071, 134057, 4117930, 43531056, 43531057, 321588, 4227253, 4023995, 4115390, 440142, 4043346, 4277352, 4274025, 4199402, 441840, 4103295]",False,True,False,8,0,False
4010019,EKG finding,"[441840, 40480457, 4008453]",True,True,True,21799,21796,False
4088350,Slow ventricular response,"[4008453, 4103183, 4180628, 4042140, 4185503, 4047779, 4028071, 134057, 4117930, 43531056, 43531057, 321588, 4227253, 4023995, 4115390, 440142, 4043346, 44784217, 4185572, 4274025, 4199402, 441840]",False,True,False,84,0,True
4100136,Left atrial abnormality,"[4008453, 4103183, 4180628, 4042140, 4185503, 3655971, 4047779, 4028071, 134057, 4117930, 43020844, 43531056, 43531057, 321588, 4227253, 4023995, 4115390, 440142, 4043346, 4274025, 4199402, 441840, 4027255]",True,True,True,485,426,False
4088361,Inadequate ECG tracing,"[4010019, 4008453, 40480457, 4117134, 441840]",False,True,False,121,0,True
43020843,Disorder of right atrium,"[4008453, 4103183, 4180628, 4042140, 4185503, 3655971, 4047779, 4028071, 134057, 4117930, 43531056, 43531057, 321588, 4227253, 4023995, 4115390, 440142, 4043346, 4274025, 4199402, 441840]",True,True,True,1693,915,True
43020844,Disorder of left atrium,"[4008453, 4103183, 4180628, 4042140, 4185503, 3655971, 4047779, 4028071, 134057, 4117930, 43531056, 43531057, 321588, 4227253, 4023995, 4115390, 440142, 4043346, 4274025, 4199402, 441840]",True,True,True,485,426,False
4267568,Acute anteroseptal myocardial infarction,"[4008453, 312327, 4167693, 4103183, 4103184, 4180628, 4103192, 432795, 4042140, 4185503, 4047779, 4028071, 134057, 4117930, 43531056, 43531057, 321588, 4227253, 4023995, 4115390, 4108611, 4354249, 4185932, 440142, 4028367, 4043346, 319844, 4166245, 442982, 4239975, 4274025, 4199402, 443883, 4027255, 441840, 4329847, 4132088, 43530876, 43530877]",True,True,True,39,102,True
321588,Heart disease,"[4008453, 4103183, 4180628, 4042140, 4185503, 4047779, 4028071, 134057, 4117930, 43531056, 43531057, 4227253, 4023995, 4115390, 440142, 4043346, 4274025, 4199402, 441840]",True,True,True,13158,12105,False
4109365,Premature atrial contraction,"[4008453, 4103183, 4180628, 4042140, 4185503, 4047779, 4028071, 134057, 4117930, 43531056, 43531057, 321588, 4227253, 4023995, 4115390, 440142, 4043346, 44784217, 4248028, 4115173, 4274025, 4199402, 441840, 4091901]",True,True,True,67,398,True
4140598,ECG: sinus tachycardia,"[4010019, 4008453, 4145513, 40480457, 4117134, 441840]",True,True,True,957,826,False
4250169,Bifascicular block,"[4008453, 4103183, 4180628, 4042140, 4185503, 4047779, 4028071, 320425, 134057, 4117930, 43531056, 43531057, 321588, 4227253, 4023995, 4166844, 4115390, 313791, 316999, 440142, 4043346, 44784217, 4274025, 4199402, 441840]",False,True,False,142,0,True
45771322,Acute myocardial infarction of inferior wall involving right ventricle,"[4008453, 312327, 4167693, 4103183, 4103184, 4180628, 4103192, 438170, 432795, 4042140, 4185503, 4047779, 4028071, 134057, 4117930, 43531056, 43531057, 321588, 4227253, 4023995, 4115390, 4108611, 4354249, 4185932, 440142, 4028367, 4043346, 319844, 4166245, 442982, 4239975, 4274025, 4199402, 443883, 4027255, 441840, 4329847, 4132088, 43530876, 43530877]",False,True,False,74,0,True
4091453,Borderline abnormal ECG,"[4010019, 4008453, 40480457, 4117134, 441840]",False,True,False,1726,0,True
4091454,Digitalis ECG pattern,"[4010019, 4008453, 40480457, 4117134, 441840]",True,False,False,0,181,True
319039,Acute posterior myocardial infarction,"[4008453, 312327, 4103183, 4180628, 4103192, 432795, 4042140, 4185503, 4047779, 4028071, 134057, 4117930, 43531056, 43531057, 321588, 4227253, 4023995, 4115390, 4108611, 4354249, 4185932, 440142, 4028367, 4043346, 4329847, 319844, 4166245, 4239975, 4274025, 4199402, 443883, 441840, 4027255, 4132088, 43530876, 43530877]",True,True,True,4,3,True
4197951,EKG axis finding,"[4010019, 4008453, 40480457, 4117134, 441840]",False,True,False,1980,0,False
4035139,Disorder of electrolytes,"[4008453, 441830, 4274025, 441840, 436670]",True,False,False,0,96,True
4030021,Septal infarction by electrocardiogram,"[4064609, 4010019, 4008453, 40484102, 40480457, 4117134, 441840, 320536]",False,True,False,708,0,True
316998,Left bundle branch block,"[4008453, 4103183, 4180628, 4042140, 4185503, 4047779, 4028071, 320425, 134057, 4117930, 43531056, 43531057, 321588, 4227253, 4023995, 4166844, 4115390, 313791, 316999, 440142, 4043346, 44784217, 4166245, 4274025, 4199402, 441840]",True,True,True,1193,2404,True
316999,Conduction disorder of the heart,"[4008453, 4103183, 4180628, 4042140, 4185503, 4047779, 4028071, 134057, 4117930, 43531056, 43531057, 321588, 4227253, 4023995, 4115390, 440142, 4043346, 44784217, 4274025, 4199402, 441840]",True,True,True,3687,4822,False
4181063,Inflammation of specific body organs,"[4047779, 4008453, 4180169, 4274025, 441840, 4027384, 4042140]",False,True,False,12,0,False
4146761,ST segment,"[4181664, 4008453, 4108460, 4181663, 4239283, 4239903]",False,True,False,169,0,False
4166218,Right axis deviation,"[4008453, 40484102, 4117134, 4103183, 320536, 4042140, 4185503, 4010019, 4117930, 43531057, 4227253, 4023995, 4115390, 4197951, 40480457, 4181994, 4199402, 441840]",False,True,False,37,0,True
4205137,Mobitz type I incomplete atrioventricular block,"[4008453, 4103183, 4180628, 4042140, 4185503, 3655971, 4047779, 4028071, 320425, 134057, 43020843, 4117930, 43531056, 43531057, 321588, 4227253, 4305210, 4023995, 4115390, 4108611, 316999, 440142, 4111570, 4043346, 44784217, 316135, 4239975, 4274025, 4199402, 318448, 441840]",False,True,False,17,0,True
4043346,Disorder of thorax,"[4047779, 4008453, 4028071, 4274025, 4117930, 4199402, 43531056, 43531057, 441840, 4042140, 4185503]",True,True,True,13160,12105,False
4182612,Cardiac conduction pattern - finding,"[4008453, 4182311, 4117930, 4199402, 4103183, 441840, 43531057, 4227253, 4103190, 4023995, 4042140, 4115390, 4185503]",False,True,False,52,0,False
4269141,ECG voltage - finding,"[4010019, 4008453, 40480457, 4117134, 441840]",True,True,True,356,182,False
4321877,Wide QRS complex,"[4010019, 4008453, 40484102, 40480457, 4117134, 441840, 320536, 4273018, 4273021]",False,True,False,402,0,True
44784217,Cardiac arrhythmia,"[4008453, 4103183, 4180628, 4042140, 4185503, 4047779, 4028071, 134057, 4117930, 43531056, 43531057, 321588, 4227253, 4023995, 4115390, 440142, 4043346, 4274025, 4199402, 441840]",True,True,True,10228,8011,True
4064346,EKG myocardial ischemia,"[4010019, 4008453, 40484102, 40480457, 4117134, 441840, 320536]",True,True,True,1772,2467,True
4064348,EKG: old myocardial infarction,"[4064609, 4010019, 4008453, 40484102, 40480457, 4117134, 441840, 320536]",True,True,True,3999,84,False
44784220,Non-specific intraventricular conduction delay,"[4008453, 4103183, 4180628, 4042140, 4185503, 4047779, 4028071, 320425, 134057, 4117930, 43531056, 43531057, 321588, 4227253, 4023995, 4166844, 4115390, 316999, 440142, 4043346, 44784217, 4274025, 4199402, 441840]",True,True,True,311,787,True
4064350,Lateral infarction on electrocardiogram,"[4064609, 4010019, 4008453, 40484102, 40480457, 4117134, 441840, 320536]",True,True,True,190,679,True
4064867,ECG: ectopic beats,"[4010019, 4008453, 40480457, 4117930, 4199402, 4117134, 4103183, 441840, 43531057, 4227253, 4023995, 4042140, 4115390, 4185503]",True,False,False,0,408,True
4166245,Disorder of cardiac ventricle,"[4008453, 4103183, 4180628, 4042140, 4185503, 4047779, 4028071, 134057, 4117930, 43531056, 43531057, 321588, 4227253, 4023995, 4115390, 440142, 4043346, 4274025, 4199402, 441840]",True,True,True,3511,5699,True
442982,Left ventricular abnormality,"[4008453, 4167693, 4103183, 4103184, 4180628, 4042140, 4185503, 4047779, 4028071, 134057, 4117930, 43531056, 43531057, 321588, 4227253, 4023995, 4115390, 440142, 4043346, 4166245, 4274025, 4199402, 441840, 4027255]",True,True,True,1378,2251,True
4239975,Myocardial disease,"[4008453, 4103183, 4180628, 4042140, 4185503, 4047779, 4028071, 134057, 4117930, 43531056, 43531057, 321588, 4227253, 4023995, 4115390, 4108611, 440142, 4043346, 4274025, 4199402, 441840]",True,True,True,6429,7331,False
4277352,Cardiovascular measurement - finding,"[4008453, 441840, 4023995, 4042140]",True,True,True,4903,1504,False
4064871,EKG: ventricular tachycardia,"[4010019, 4008453, 40484102, 40480457, 4117930, 4199402, 4117134, 4103183, 441840, 43531057, 4227253, 320536, 4023995, 4042140, 4115390, 4185503]",False,True,False,8,0,True
4064873,ECG: partial atrioventricular block - long PR,"[4010019, 4008453, 40480457, 4117930, 4199402, 4117134, 4103183, 441840, 43531057, 4227253, 4023995, 4042140, 4115390, 4185503]",True,True,True,1240,793,False
4064874,EKG: complete atrioventricular block,"[4010019, 4008453, 40484102, 4064457, 40480457, 4117930, 4199402, 4117134, 4103183, 441840, 43531057, 4227253, 320536, 4023995, 4042140, 4115390, 4185503]",True,True,True,17,16,False
4064876,EKG: P wave abnormal,"[4010019, 4008453, 40484102, 40480457, 4117134, 441840, 4268535, 320536, 4273018]",False,True,False,78,0,True
4326509,Early repolarization,"[4008453, 4182311, 4117930, 4199402, 4103183, 441840, 43531057, 4227253, 4103190, 4023995, 4042140, 4115390, 4185503]",False,True,False,47,0,True
4189294,Inflammatory disorder of mediastinum,"[4178818, 4008453, 4180628, 4042140, 4185503, 4047779, 4028071, 4117930, 43531056, 43531057, 4115390, 4180169, 440142, 4043346, 4274025, 4199402, 441840, 4027384]",False,True,False,12,0,False
4065390,EKG: T wave abnormal,"[4010019, 4008453, 40484102, 40480457, 4117134, 441840, 320536, 4273018, 4267231]",True,True,True,2747,2070,True
4215406,Left axis deviation,"[4008453, 40484102, 4117134, 4103183, 4103190, 320536, 4042140, 4185503, 4010019, 4117930, 43531057, 4227253, 4023995, 4115390, 4197951, 40480457, 4181994, 4199402, 441840]",False,True,False,1943,0,True
4175473,Atrioventricular dissociation,"[4008453, 4103183, 4180628, 4042140, 4185503, 4047779, 4028071, 134057, 4117930, 43531056, 43531057, 321588, 4227253, 4023995, 4115390, 440142, 4043346, 44784217, 4274025, 4199402, 441840]",False,True,False,3,0,True
4064882,ST elevation,"[4181664, 4008453, 4146761, 4108460, 4239903, 4239283, 4181663]",False,True,False,73,0,True
4065394,EKG: QRS complex abnormal,"[4010019, 4008453, 40484102, 40480457, 4117134, 441840, 320536, 4273018, 4273021]",True,False,False,0,3327,True
320116,Acute pericarditis,"[4178818, 4008453, 439045, 4180628, 4134294, 4103193, 4042140, 4185503, 4047779, 4028071, 134057, 4117930, 43531056, 43531057, 318772, 4027384, 4023995, 4115390, 4181063, 4180169, 440142, 4028367, 4043346, 4138837, 4274025, 4199402, 443883, 4189294, 441840, 4029816]",False,True,False,12,0,True
4064885,Prolonged PR interval,"[4010019, 4008453, 4274406, 40484102, 40480457, 4117134, 441840, 320536, 4273018]",True,False,False,0,340,True
4089462,Ventricular premature complex,"[4008453, 4103183, 4180628, 4042140, 4185503, 4047779, 4028071, 134057, 4117930, 43531056, 43531057, 321588, 4227253, 4023995, 4115390, 440142, 4043346, 44784217, 4274025, 4199402, 441840, 4091901]",True,True,True,1469,1197,True
4180593,ST Depression,"[4181664, 4008453, 4146761, 4108460, 4239903, 4239283, 4181663]",False,True,False,96,0,True
4034164,Monofascicular block,"[4008453, 4103183, 4180628, 4042140, 4185503, 4047779, 4028071, 320425, 134057, 4117930, 43531056, 43531057, 321588, 4227253, 4023995, 4166844, 4115390, 313791, 316999, 440142, 4043346, 44784217, 4274025, 4199402, 441840]",True,True,True,533,1797,True
43530876,Necrosis of anatomical site,"[4047779, 4008453, 4274025, 441840, 432795, 4042140, 43530877]",True,True,True,4174,5469,False
43530877,Traumatic and/or non-traumatic injury of anatomical site,"[4047779, 4008453, 4274025, 441840, 432795, 4042140]",True,True,True,5462,6973,False
4103295,Ventricular tachycardia,"[4008453, 4103183, 4180628, 4042140, 4185503, 4047779, 4028071, 134057, 4117930, 43531056, 43531057, 321588, 4227253, 4023995, 4115390, 440142, 4043346, 4277352, 4274025, 4199402, 441840]",True,True,True,8,24,True
4180609,Anterior myocardial infarction on electrocardiogram,"[4008453, 40484102, 4117134, 4103183, 320536, 4042140, 4185503, 4010019, 4117930, 43531057, 4227253, 4023995, 4115390, 4108611, 40480457, 4064609, 4199402, 441840]",True,True,True,618,353,True
4089475,QRS complex height increased,"[4010019, 4008453, 40484102, 40480457, 4117134, 441840, 320536, 4273018, 4273021]",True,False,False,0,62,True
4008580,Ventricular bigeminy,"[4008453, 4103183, 4180628, 4042140, 4185503, 4047779, 4028071, 134057, 4117930, 43531056, 43531057, 321588, 4227253, 4171193, 4023995, 4115390, 440142, 4043346, 44784217, 4185572, 4274025, 4199402, 441840, 4089462, 4091901]",True,True,True,85,82,True
4089476,QRS complex height decreased,"[4010019, 4008453, 40484102, 40480457, 4117134, 441840, 320536, 4273018, 4273021]",True,False,False,0,182,True
4092038,Ventricular pacing pattern,"[4010019, 4008453, 40480457, 4181993, 4117134, 441840]",False,True,False,196,0,True
4117134,Electrocardiogram finding,"[4010019, 4008453, 40480457, 441840]",True,True,True,21799,21796,False
4089488,Atrial pacing pattern,"[4010019, 4008453, 4181993, 40480457, 4117134, 441840]",False,True,False,5,0,True
4180628,Disorder of body system,"[4047779, 4008453, 4274025, 441840, 4042140]",True,True,True,13160,12105,False
4088983,AV-junctional (nodal) bradycardia,"[4008453, 4169095, 4103183, 4021775, 4180628, 4103189, 4042140, 4185503, 4038688, 3655971, 4047779, 4028071, 134057, 4117930, 43020843, 43531056, 43531057, 321588, 4227253, 4023995, 4115390, 4108611, 440142, 4043346, 4094294, 44784217, 4228448, 4239975, 4277352, 4274025, 4199402, 441840, 4164083]",False,True,False,5,0,True
4088984,Blocked premature atrial contraction,"[4008453, 4103183, 4180628, 4042140, 4185503, 4047779, 4028071, 134057, 4117930, 43531056, 43531057, 321588, 4109365, 4227253, 4023995, 4115390, 440142, 4043346, 44784217, 4248028, 4115173, 4274025, 4199402, 441840, 4091901]",False,True,False,67,0,True
4116633,Finding of right ventricle,"[4008453, 4117930, 4199402, 4103183, 441840, 43531057, 4227253, 4023995, 4042140, 4115390, 4185503]",True,True,True,60,126,False
4327066,Ventricular escape beat,"[4008453, 4103183, 4180628, 4042140, 4185503, 4047779, 4028071, 134057, 4117930, 43531056, 43531057, 321588, 4227253, 4171193, 4023995, 4115390, 440142, 4043346, 44784217, 4185572, 4274025, 4199402, 441840]",False,True,False,21,0,True
432795,Traumatic AND/OR non-traumatic injury,"[441840, 4274025, 4008453]",True,True,True,5462,6973,False
4181663,Observable entity,[4008453],False,True,False,169,0,False
4181664,Clinical history/examination observable,"[4008453, 4181663]",False,True,False,169,0,False
438438,Acute myocardial infarction of anterolateral wall,"[4008453, 312327, 4167693, 4103183, 4103184, 4180628, 4103192, 432795, 4042140, 4185503, 4047779, 4028071, 134057, 4117930, 43531056, 43531057, 321588, 4227253, 4023995, 4115390, 4108611, 4354249, 4185932, 440142, 4028367, 4043346, 319844, 4166245, 442982, 4239975, 4274025, 4199402, 443883, 4027255, 441840, 4329847, 4132088, 43530876, 43530877]",True,True,True,18,23,True
4028071,Disorder of trunk,"[4047779, 4008453, 4274025, 4117930, 4199402, 441840, 4042140]",True,True,True,13160,12105,False
444070,Tachycardia,"[4008453, 4277352, 4117930, 4199402, 4103183, 4021775, 441840, 43531057, 4103189, 4094294, 4227253, 4023995, 4042140, 4115390, 4185503]",True,True,True,957,826,False
4088998,AV sequential pacing pattern,"[4010019, 4008453, 40480457, 4181993, 4117134, 441840]",False,True,False,21,0,True
4184746,Left ventricular hypertrophy,"[4008453, 4167693, 4103183, 4103184, 4180628, 4042140, 4185503, 4047779, 4028071, 134057, 4117930, 43531056, 43531057, 321588, 4227253, 4023995, 4115390, 440142, 4145489, 4043346, 4166245, 442982, 4274025, 4199402, 441840, 4027255]",True,True,True,1256,2132,True
4295336,Left anterior fascicular block,"[4008453, 4103183, 4180628, 4042140, 4185503, 4047779, 4028071, 320425, 134057, 4117930, 43531056, 43531057, 321588, 4227253, 4023995, 4166844, 4115390, 313791, 316998, 316999, 440142, 4043346, 44784217, 4166245, 4274025, 4199402, 441840, 4034164]",True,True,True,507,1623,True
4108460,ECG waveform,"[4181664, 4008453, 4239903, 4239283, 4181663]",False,True,False,169,0,False
438447,Acute myocardial infarction of inferolateral wall,"[4008453, 312327, 4167693, 4103183, 4103184, 4180628, 4103192, 432795, 4042140, 4185503, 4047779, 4028071, 134057, 4117930, 43531056, 43531057, 321588, 4227253, 4023995, 4115390, 4108611, 4354249, 4185932, 440142, 4028367, 4043346, 319844, 4166245, 442982, 4239975, 4274025, 4199402, 443883, 4027255, 441840, 4329847, 4132088, 43530876, 43530877]",True,True,True,1,23,True
4139185,EKG: anterior ischemia,"[4010019, 4008453, 40484102, 40480457, 4117134, 441840, 320536, 4064346]",True,True,True,474,208,True
4088498,Acquisition/hardware ECG error,"[4010019, 4008453, 4088361, 40480457, 4117134, 441840]",False,True,False,98,0,True
4088499,Low QRS voltages,"[4010019, 4008453, 40480457, 4117134, 441840, 4244435, 4269141]",True,True,True,356,182,True
4253363,Wolff-Parkinson-White pattern,"[4008453, 4103183, 4180628, 4042140, 4185503, 4047779, 4028071, 134057, 4117930, 4057008, 43531056, 43531057, 321588, 4227253, 4023995, 4115390, 440142, 4043346, 44784217, 4274025, 4199402, 441840]",True,True,True,49,79,True
4227253,Viscus structure finding,"[441840, 4042140, 4008453]",True,True,True,21759,21533,False
37017190,EKG: atrial tachycardia,"[4010019, 4008453, 40484102, 40480457, 4117134, 441840, 320536]",False,True,False,8,0,False
4088503,AV junctional (nodal) tachycardia,"[4008453, 4103183, 4180628, 4042140, 4185503, 4038688, 3655971, 4047779, 4028071, 134057, 4117930, 43020843, 43531056, 43531057, 321588, 4227253, 4023995, 4115390, 4108611, 440142, 4043346, 44784217, 4239975, 4277352, 4274025, 4199402, 441840, 4164083, 315643]",False,True,False,8,0,False
4306615,Ventricular hypertrophy by EKG,"[4020195, 4010019, 4008453, 40484102, 40480457, 4117930, 4199402, 4117134, 4103183, 441840, 43531057, 4227253, 320536, 4023995, 4042140, 4115390, 4185503]",True,True,True,1256,2132,False
4088505,Ventricular trigeminy,"[4008453, 316429, 4103183, 4180628, 4042140, 4185503, 4047779, 4028071, 134057, 4117930, 43531056, 43531057, 321588, 4227253, 4023995, 4115390, 4143042, 440142, 4043346, 44784217, 4185572, 4274025, 4199402, 441840, 4066289, 4089462, 4091901]",True,False,False,0,20,True
4184762,EKG ST segment changes,"[4010019, 4008453, 40484102, 40480457, 4117134, 441840, 320536, 4273018, 4273022]",True,True,True,3478,1815,True
4023995,Cardiovascular finding,"[441840, 4042140, 4008453]",True,True,True,21759,21533,False
4166844,Intraventricular conduction defect,"[4008453, 4103183, 4180628, 4042140, 4185503, 4047779, 4028071, 320425, 134057, 4117930, 43531056, 43531057, 321588, 4227253, 4023995, 4115390, 316999, 440142, 4043346, 44784217, 4274025, 4199402, 441840]",True,True,True,2568,4393,True
4142265,ECG: normal sinus rhythm,"[4010019, 4008453, 40480457, 4145513, 4117134, 441840]",False,True,False,12631,0,False
37017193,EKG: Incomplete right bundle branch block,"[4010019, 4008453, 40484102, 4064457, 40480457, 4117930, 4199402, 4117134, 4103183, 441840, 43531057, 4227253, 320536, 4023995, 4042140, 4115390, 4185503]",True,True,True,602,1194,True
4064452,ECG: atrial fibrillation,"[4010019, 4008453, 40484102, 40480457, 4117930, 4199402, 4117134, 4103183, 441840, 43531057, 4227253, 320536, 4023995, 4042140, 4115390, 4185503]",True,True,True,1396,1514,False
37017194,EKG: complete right bundle branch block,"[4010019, 4008453, 40484102, 4064457, 40480457, 4117930, 4199402, 4117134, 4103183, 441840, 43531057, 4227253, 320536, 4023995, 4042140, 4115390, 4185503]",True,True,True,721,541,False
434376,Acute myocardial infarction of anterior wall,"[4008453, 312327, 4103183, 4180628, 4103192, 432795, 4042140, 4185503, 4047779, 4028071, 134057, 4117930, 43531056, 43531057, 321588, 4227253, 4023995, 4115390, 4108611, 4354249, 4185932, 440142, 4028367, 4043346, 319844, 4239975, 4274025, 4199402, 443883, 4027255, 441840, 4329847, 4132088, 43530876, 43530877]",True,True,True,27,7,True
4354249,Myocardial necrosis,"[4108611, 4008453, 4117930, 4199402, 4103183, 441840, 43531057, 4227253, 4103192, 4023995, 4042140, 4115390, 4185503]",True,True,True,4174,5469,False
4180169,Inflammation of specific body structures or tissue,"[4047779, 4008453, 4274025, 441840, 4027384, 4042140]",False,True,False,12,0,False
40480457,Evaluation finding,"[441840, 4008453]",True,True,True,21799,21796,False
765132,Subendocardial myocardial infarction,"[4008453, 4103183, 4180628, 4103192, 432795, 4042140, 4185503, 4263712, 4047779, 4028071, 134057, 4117930, 43531056, 43531057, 321588, 4227253, 4023995, 4115390, 4108611, 4354249, 4185932, 440142, 4043346, 4239975, 4274025, 4199402, 4027255, 441840, 4329847, 43530876, 43530877]",True,False,False,0,323,True
4064457,EKG: heart block,"[4010019, 4008453, 40484102, 40480457, 4117930, 4199402, 4117134, 4103183, 441840, 43531057, 4227253, 320536, 4023995, 4042140, 4115390, 4185503]",True,True,True,2395,4412,True
4064458,ECG: partial atrioventricular block - 3:1,"[4010019, 4008453, 40480457, 4117930, 4199402, 4117134, 4103183, 441840, 43531057, 4227253, 4023995, 4042140, 4115390, 4185503]",False,True,False,6,0,True
4064459,Mobitz type I second degree atrioventricular block on electrocardiogram,"[4010019, 4008453, 40484102, 4064457, 40480457, 4117930, 4199402, 4117134, 4103183, 441840, 43531057, 4227253, 320536, 4023995, 4042140, 4115390, 4185503]",False,True,False,17,0,False
4064461,ECG: ST interval abnormal,"[4010019, 4273018, 4008453, 40484102, 40480457, 4117134, 441840, 320536, 4184762, 4273022]",True,True,True,1243,871,True
314059,Right bundle branch block,"[4008453, 4103183, 4180628, 4042140, 4185503, 4047779, 4028071, 320425, 134057, 4117930, 43531056, 43531057, 321588, 4227253, 4023995, 4166844, 4115390, 313791, 316999, 440142, 4043346, 44784217, 4166245, 4274025, 4199402, 441840]",True,True,True,1229,1658,True
4111570,Partial atrioventricular block,"[4008453, 4103183, 4180628, 4042140, 4185503, 3655971, 4047779, 4028071, 320425, 134057, 43020843, 4117930, 43531056, 43531057, 321588, 4227253, 4305210, 4023995, 4115390, 4108611, 316999, 440142, 4043346, 44784217, 316135, 4239975, 4274025, 4199402, 441840]",True,True,True,1280,807,True
4145359,EKG: accelerated junctional rhythm,"[4010019, 4008453, 40480457, 4117134, 441840]",False,True,False,18,0,True
4332246,Aneurysm,"[4047779, 4008453, 134057, 4274025, 441840, 4180628, 4023995, 4042140]",True,False,False,0,104,False
37118682,ECG complete left bundle branch block,"[4008453, 40484102, 4117134, 4103183, 320536, 4042140, 4185503, 4010019, 4117930, 43531057, 4227253, 4023995, 4115390, 4064457, 40480457, 4064614, 4199402, 441840]",True,True,True,566,536,False
4267231,T wave - finding,"[4010019, 4008453, 40480457, 4117134, 441840, 4273018]",True,True,True,2747,2594,False
4275423,Supraventricular tachycardia,"[4008453, 4103183, 4180628, 4042140, 4185503, 4047779, 4028071, 134057, 4117930, 43531056, 43531057, 321588, 4227253, 4023995, 4115390, 440142, 4043346, 44784217, 4248028, 4277352, 4274025, 4199402, 441840, 315643]",True,True,True,438,27,True
4115173,Atrial premature complex,"[4008453, 4103183, 4180628, 4042140, 4185503, 4047779, 4028071, 134057, 4117930, 43531056, 43531057, 321588, 4227253, 4023995, 4115390, 440142, 4043346, 44784217, 4248028, 4274025, 4199402, 441840, 4091901]",True,True,True,780,398,True
4274406,PR interval - finding,"[4010019, 4008453, 40480457, 4117134, 441840, 4273018]",True,True,True,103,340,False
316135,Atrioventricular block,"[4008453, 4103183, 4180628, 4042140, 4185503, 3655971, 4047779, 4028071, 320425, 134057, 43020843, 4117930, 43531056, 43531057, 321588, 4227253, 4305210, 4023995, 4115390, 4108611, 316999, 440142, 4043346, 44784217, 4239975, 4274025, 4199402, 441840]",True,True,True,1438,823,True
320744,Complete atrioventricular block,"[4008453, 4103183, 4180628, 4042140, 4185503, 3655971, 4047779, 4028071, 320425, 134057, 43020843, 4117930, 43531056, 43531057, 321588, 4227253, 4305210, 4023995, 4115390, 4108611, 316999, 440142, 4043346, 44784217, 316135, 4239975, 4274025, 4199402, 441840]",True,True,True,17,16,True
441579,Acute myocardial infarction of inferoposterior wall,"[4008453, 312327, 4167693, 4103183, 4103184, 4180628, 4103192, 432795, 4042140, 4185503, 4047779, 4028071, 134057, 4117930, 43531056, 43531057, 321588, 4227253, 4023995, 4115390, 4108611, 4354249, 4185932, 440142, 4028367, 4043346, 319844, 4166245, 442982, 4239975, 4274025, 4199402, 443883, 4027255, 441840, 4329847, 4132088, 43530876, 43530877]",True,False,False,0,2,True
4166380,Junctional escape beats,"[4008453, 4103183, 4180628, 4042140, 4185503, 4038688, 3655971, 4047779, 4028071, 134057, 4117930, 43020843, 43531056, 43531057, 321588, 4227253, 4023995, 4115390, 4108611, 440142, 4043346, 44784217, 4239975, 4274025, 4199402, 441840, 4164083]",False,True,False,3,0,True
4114162,Finding of heart rhythm,"[4008453, 4117930, 4199402, 4103183, 441840, 4021775, 43531057, 4227253, 4094294, 4023995, 4042140, 4115390, 4185503]",True,True,True,15554,17039,False
43022066,Left atrial enlargement,"[4008453, 4103183, 4180628, 4042140, 4185503, 3655971, 4047779, 4028071, 4100136, 134057, 4117930, 43020844, 43531056, 43531057, 321588, 4227253, 4023995, 4115390, 440142, 4043346, 4274025, 4199402, 441840, 4027255]",True,True,True,485,426,True
4247796,Inferior myocardial infarction on electrocardiogram,"[4064609, 4010019, 4008453, 40484102, 40480457, 4117134, 441840, 320536]",True,True,True,2304,3238,True
4281078,Flattened T wave,"[4010019, 4008453, 40484102, 40480457, 4117134, 441840, 320536, 4273018, 4267231]",True,False,False,0,438,True
4132088,Acute heart disease,"[4008453, 4103183, 4180628, 4042140, 4185503, 4047779, 4028071, 134057, 4117930, 43531056, 43531057, 321588, 4227253, 4023995, 4115390, 440142, 4028367, 4043346, 4274025, 4199402, 443883, 441840]",True,True,True,178,174,True
4137208,EKG: inferior ischemia,"[4010019, 4008453, 40484102, 40480457, 4117134, 441840, 320536, 4064346]",True,True,True,541,397,True
315643,Tachyarrhythmia,"[4008453, 4103183, 4180628, 4042140, 4185503, 4047779, 4028071, 134057, 4117930, 43531056, 43531057, 321588, 4227253, 4023995, 4115390, 440142, 4043346, 44784217, 4277352, 4274025, 4199402, 441840]",True,True,True,446,42,True
4141820,ECG: sinus arrhythmia,"[4010019, 4008453, 40480457, 4145513, 4117134, 441840]",True,True,True,1473,772,False
4024571,Sinus node rhythm,"[4008453, 4117930, 4199402, 4021775, 4103183, 441840, 4114162, 43531057, 4227253, 4094294, 4023995, 4042140, 4115390, 4185503]",False,True,False,12631,0,False
4171521,Shortened PR interval,"[4010019, 4008453, 4274406, 40484102, 40480457, 4117134, 441840, 320536, 4273018]",False,True,False,103,0,True
439045,Mediastinitis,"[4178818, 4008453, 4180628, 4042140, 4185503, 4047779, 4028071, 4117930, 43531056, 43531057, 4115390, 4180169, 440142, 4043346, 4274025, 4199402, 4189294, 441840, 4027384]",False,True,False,12,0,False
40484102,Abnormal finding on evaluation procedure,"[441840, 40480457, 4008453]",True,True,True,11904,12864,False
4165905,Disorder of right cardiac ventricle,"[4008453, 4103183, 4180628, 4116633, 4042140, 4185503, 4047779, 4028071, 134057, 4117930, 43531056, 43531057, 321588, 4227253, 4023995, 4115390, 440142, 4043346, 4166245, 4274025, 4199402, 441840]",True,True,True,60,126,False
4184348,Anterolateral infarction by electrocardiogram,"[4064609, 4010019, 4008453, 40484102, 40480457, 4117134, 441840, 320536]",True,True,True,146,288,True
4186397,Myocardial ischemia,"[4008453, 4103183, 4180628, 4103192, 432795, 4042140, 4185503, 4047779, 4028071, 134057, 4117930, 43531056, 43531057, 321588, 4227253, 4023995, 4115390, 4108611, 4185932, 440142, 4043346, 4239975, 4274025, 4199402, 441840, 4027255, 43530877]",True,True,True,1772,2467,True
4263712,Subendocardial ischemia,"[4008453, 4103183, 4180628, 4103192, 432795, 4042140, 4185503, 4047779, 4028071, 134057, 4117930, 43531056, 43531057, 321588, 4227253, 4023995, 4115390, 4108611, 4185932, 440142, 4043346, 4239975, 4274025, 4199402, 441840, 4027255, 43530877]",True,True,True,288,323,True
3655971,Atrial cardiopathy,"[4008453, 4103183, 4180628, 4042140, 4185503, 4047779, 4028071, 134057, 4117930, 43531056, 43531057, 321588, 4227253, 4023995, 4115390, 440142, 4043346, 4274025, 4199402, 441840]",True,True,True,6660,3379,True
40482086,Left anterior fascicular block on electrocardiogram,"[4008453, 40484102, 4117134, 4103183, 320536, 4042140, 4185503, 4010019, 4117930, 43531057, 4227253, 4023995, 4115390, 4064457, 40480457, 4064614, 4199402, 441840]",True,True,True,507,1623,False
4182311,Cardiac conduction - finding,"[4008453, 4117930, 4199402, 4103183, 441840, 43531057, 4227253, 4103190, 4023995, 4042140, 4115390, 4185503]",False,True,False,99,0,False
314665,Atrial flutter,"[4008453, 4103183, 4180628, 4042140, 4185503, 3655971, 4047779, 4028071, 134057, 4117930, 43531056, 43531057, 321588, 4227253, 4023995, 4068155, 4115390, 440142, 4043346, 44784217, 4248028, 4274025, 4199402, 441840]",True,True,True,151,73,True
314666,Old myocardial infarction,"[4008453, 4103183, 4180628, 4103192, 432795, 4042140, 4185503, 4047779, 4028071, 134057, 4117930, 43531056, 43531057, 321588, 4227253, 4023995, 4115390, 4108611, 4354249, 4185932, 440142, 4043346, 4329847, 4239975, 4274025, 4199402, 441840, 4027255, 43530876, 43530877]",True,True,True,3999,84,True
4143407,ECG: paroxysmal ventricular tachycardia,"[4010019, 4008453, 40480457, 4117134, 441840]",True,False,False,0,24,False
43531056,Disorder of thoracic segment of trunk,"[4047779, 4008453, 4028071, 4274025, 4117930, 4199402, 441840, 43531057, 4042140]",True,True,True,13160,12105,False
43531057,Finding of upper trunk,"[4008453, 4117930, 4199402, 441840, 4042140]",True,True,True,21759,21533,False
318772,Disorder of pericardium,"[4008453, 4180628, 4103193, 4042140, 4185503, 4047779, 4028071, 134057, 4117930, 43531056, 43531057, 4023995, 4115390, 440142, 4043346, 4274025, 4199402, 441840]",False,True,False,12,0,False
4095285,ST segment depression,"[4010019, 4273018, 4008453, 40484102, 40480457, 4117134, 441840, 320536, 4184762, 4273022]",True,False,False,0,1009,True
4305210,Atrioventricular conduction disorder,"[4008453, 4103183, 4180628, 4042140, 4185503, 4047779, 4028071, 134057, 4117930, 43531056, 43531057, 321588, 4227253, 4023995, 4115390, 316999, 440142, 4043346, 44784217, 4274025, 4199402, 441840]",True,True,True,1438,823,False
4068155,Atrial arrhythmia,"[4008453, 4103183, 4180628, 4042140, 4185503, 3655971, 4047779, 4028071, 134057, 4117930, 43531056, 43531057, 321588, 4227253, 4023995, 4115390, 440142, 4043346, 44784217, 4248028, 4274025, 4199402, 441840]",True,True,True,5031,2207,True
4108611,Myocardial finding,"[4008453, 4117930, 4199402, 4103183, 441840, 43531057, 4227253, 4023995, 4042140, 4115390, 4185503]",True,True,True,6429,7331,False
4268046,Left posterior fascicular block,"[4008453, 4103183, 4180628, 4042140, 4185503, 4047779, 4028071, 320425, 134057, 4117930, 43531056, 43531057, 321588, 4227253, 4023995, 4166844, 4115390, 313791, 316998, 316999, 440142, 4043346, 44784217, 4166245, 4274025, 4199402, 441840, 4034164]",True,True,True,26,177,True
4171269,Atrial tachycardia,"[4008453, 4103183, 4180628, 4042140, 4185503, 3655971, 4047779, 4028071, 134057, 4117930, 43531056, 43531057, 321588, 4227253, 4023995, 4068155, 4115390, 440142, 4043346, 44784217, 4248028, 4274025, 4199402, 441840]",False,True,False,8,0,True
437579,Paroxysmal ventricular tachycardia,"[4008453, 4103183, 4180628, 4042140, 4185503, 4047779, 4028071, 134057, 4117930, 43531056, 43531057, 321588, 4227253, 4023995, 4115390, 313792, 440142, 4028367, 4043346, 44784217, 4277352, 4274025, 4199402, 443883, 441840, 4132088, 315643, 4103295]",True,False,False,0,24,True
4185932,Ischemic heart disease,"[4008453, 4103183, 4180628, 432795, 4042140, 4185503, 4047779, 4028071, 134057, 4117930, 43531056, 43531057, 321588, 4227253, 4023995, 4115390, 440142, 4043346, 4274025, 4199402, 441840, 4027255, 43530877]",True,True,True,5462,6973,True
4304202,Rhythm from artificial pacing,"[4008453, 4117930, 4199402, 4021775, 4103183, 441840, 4114162, 43531057, 4227253, 4094294, 4023995, 4042140, 4115390, 4185503]",True,True,True,336,294,True
440142,Disorder of mediastinum,"[4047779, 4008453, 4028071, 4274025, 4117930, 4199402, 43531056, 43531057, 4043346, 441840, 4180628, 4042140, 4115390, 4185503]",True,True,True,13160,12105,False
4145998,ECG: premature ventricular contractions,"[4010019, 4008453, 40480457, 4117134, 441840]",True,True,True,1420,1143,True
4145489,Ventricular hypertrophy,"[4008453, 4103183, 4180628, 4042140, 4185503, 4047779, 4028071, 134057, 4117930, 43531056, 43531057, 321588, 4227253, 4023995, 4115390, 440142, 4043346, 4166245, 4274025, 4199402, 441840, 4027255]",True,True,True,1299,2254,True
44791633,Electrocardiogram shows ventricular bigeminy,"[4010019, 4008453, 40480457, 4117930, 4199402, 4117134, 4103183, 441840, 43531057, 4227253, 4023995, 4042140, 4115390, 4185503]",True,True,True,85,82,False
44791634,Electrocardiogram shows ventricular trigeminy,"[4010019, 4008453, 40480457, 4117930, 4199402, 4117134, 4103183, 441840, 43531057, 4227253, 4023995, 4042140, 4115390, 4185503]",True,False,False,0,20,False
4138837,Pericarditis,"[4178818, 4008453, 439045, 4180628, 4103193, 4042140, 4185503, 4047779, 4028071, 134057, 4117930, 43531056, 43531057, 318772, 4023995, 4115390, 4029816, 4181063, 4180169, 440142, 4043346, 4274025, 4199402, 4189294, 441840, 4027384]",False,True,False,12,0,False
4094294,Clinical history and observation findings,"[441840, 4008453]",True,True,True,19984,18500,False
4226399,Fibrillation,"[4008453, 4103183, 4180628, 4042140, 4185503, 4047779, 4028071, 134057, 4117930, 43531056, 43531057, 321588, 4227253, 4023995, 4115390, 440142, 4043346, 44784217, 4274025, 4199402, 441840]",True,True,True,1396,1514,False
4228448,Bradyarrhythmia,"[4008453, 4169095, 4103183, 4021775, 4180628, 4103189, 4042140, 4185503, 4047779, 4028071, 134057, 4117930, 43531056, 43531057, 321588, 4227253, 4023995, 4115390, 440142, 4043346, 4094294, 44784217, 4277352, 4274025, 4199402, 441840]",True,True,True,3492,637,False
4064609,EKG: myocardial infarction,"[4010019, 4008453, 40484102, 40480457, 4117134, 441840, 320536]",True,True,True,4338,5469,True
4064610,Anteroseptal infarction on electrocardiogram,"[4064609, 4010019, 4008453, 40484102, 40480457, 4117134, 441840, 320536]",True,True,True,566,2357,True
4064611,EKG: subendocardial infarct,"[4064609, 4010019, 4008453, 40484102, 40480457, 4117134, 441840, 320536]",True,True,True,288,323,False
319844,Acute ischemic heart disease,"[4008453, 4103183, 4180628, 432795, 4042140, 4185503, 4047779, 4028071, 134057, 4117930, 43531056, 43531057, 321588, 4227253, 4023995, 4115390, 4185932, 440142, 4028367, 4043346, 4274025, 4199402, 443883, 441840, 4027255, 4132088, 43530877]",True,True,True,178,150,False
4138336,ECG: idioventricular rhythm,"[4010019, 4008453, 40480457, 4117134, 441840]",False,True,False,5,0,True
4145510,EKG: supraventricular tachycardia,"[4010019, 4008453, 40484102, 40480457, 4117134, 441840, 320536]",True,True,True,25,27,True
4064614,EKG: left bundle branch block,"[4010019, 4008453, 40484102, 4064457, 40480457, 4117930, 4199402, 4117134, 4103183, 441840, 43531057, 4227253, 320536, 4023995, 4042140, 4115390, 4185503]",True,True,True,1099,2332,True
4274025,Disease,"[441840, 4008453]",True,True,True,13160,12166,False
4145513,ECG: sinus rhythm,"[4010019, 4008453, 40480457, 4117134, 441840]",True,True,True,19634,18978,True
44782442,Atrial fibrillation with rapid ventricular response,"[313217, 4008453, 4103183, 4180628, 4042140, 4185503, 3655971, 4047779, 4028071, 134057, 4117930, 43531056, 43531057, 321588, 4227253, 4023995, 4068155, 4115390, 440142, 4043346, 44784217, 4248028, 4275423, 4226399, 4277352, 4274025, 4199402, 441840, 315643]",False,True,False,413,0,True
4324206,Ventricular escape rhythm on electrocardiogram,"[4010019, 4008453, 40480457, 4117134, 441840]",False,True,False,21,0,False
4267892,Complete left bundle branch block,"[4008453, 4103183, 4180628, 4042140, 4185503, 4047779, 4028071, 320425, 134057, 4117930, 43531056, 43531057, 321588, 4227253, 4023995, 4166844, 4115390, 313791, 316998, 316999, 440142, 4043346, 44784217, 4166245, 4274025, 4199402, 441840]",True,True,True,566,536,True
4027255,Structural disorder of heart,"[4008453, 4103183, 4180628, 4042140, 4185503, 4047779, 4028071, 134057, 4117930, 43531056, 43531057, 321588, 4227253, 4023995, 4115390, 440142, 4043346, 4274025, 4199402, 441840]",True,True,True,6483,8002,True
4029816,Inflammatory disorder of the cardiovascular system,"[4178818, 4047779, 4008453, 134057, 4180169, 4274025, 441840, 4180628, 4027384, 4023995, 4042140]",False,True,False,12,0,False
4329847,Myocardial infarction,"[4008453, 4103183, 4180628, 4103192, 432795, 4042140, 4185503, 4047779, 4028071, 134057, 4117930, 43531056, 43531057, 321588, 4227253, 4023995, 4115390, 4108611, 4354249, 4185932, 440142, 4043346, 4239975, 4274025, 4199402, 441840, 4027255, 43530876, 43530877]",True,True,True,4174,5469,True
4273018,ECG waveform - finding,"[4010019, 4008453, 40480457, 4117134, 441840]",True,True,True,5813,7465,False
4029303,Fusion beats,"[4008453, 4103183, 4180628, 4042140, 4185503, 4047779, 4028071, 134057, 4117930, 43531056, 43531057, 321588, 4227253, 4171193, 4023995, 4115390, 440142, 4043346, 44784217, 4185572, 4274025, 4199402, 441840]",False,True,False,115,0,True
4121467,Old inferior myocardial infarction,"[4008453, 4103183, 4180628, 4103192, 432795, 4042140, 4185503, 4047779, 4028071, 134057, 314666, 4117930, 43531056, 43531057, 321588, 4227253, 4023995, 4115390, 4108611, 4354249, 4185932, 440142, 4043346, 4239975, 4274025, 4199402, 4027255, 441840, 4329847, 43530876, 43530877]",True,True,True,2256,54,True
4273021,QRS complex - finding,"[4010019, 4008453, 40480457, 4117134, 441840, 4273018]",True,True,True,402,3559,False
4273022,ST segment - finding,"[4010019, 4008453, 40480457, 4117134, 441840, 4273018]",True,True,True,3478,1815,False
4273023,QT interval - finding,"[4010019, 4008453, 40480457, 4117134, 441840, 4273018]",True,True,True,636,117,False
4121468,Old posterior myocardial infarction,"[4008453, 4103183, 4180628, 4103192, 432795, 4042140, 4185503, 4047779, 4028071, 134057, 314666, 4117930, 43531056, 43531057, 321588, 4227253, 4023995, 4115390, 4108611, 4354249, 4185932, 440142, 4043346, 4239975, 4274025, 4199402, 4027255, 441840, 4329847, 43530876, 43530877]",False,True,False,53,0,True
313217,Atrial fibrillation,"[4008453, 4103183, 4180628, 4042140, 4185503, 3655971, 4047779, 4028071, 134057, 4117930, 43531056, 43531057, 321588, 4227253, 4023995, 4068155, 4115390, 440142, 4043346, 44784217, 4248028, 4226399, 4274025, 4199402, 441840]",True,True,True,1396,1514,True
4178818,Inflammation of specific body systems,"[4047779, 4008453, 4180169, 4274025, 441840, 4180628, 4027384, 4042140]",False,True,False,12,0,False
4217221,Nodal rhythm disorder,"[4008453, 4103183, 4180628, 4042140, 4185503, 4047779, 4028071, 134057, 4117930, 43531056, 43531057, 321588, 4227253, 4023995, 4115390, 440142, 4043346, 44784217, 4274025, 4199402, 441840]",True,True,True,1473,772,True
4102533,Left ventricular hypertrophy by electrocardiogram,"[4008453, 40484102, 4117134, 4103183, 4103184, 320536, 4042140, 4185503, 4010019, 4117930, 43531057, 4227253, 4306615, 4023995, 4115390, 40480457, 4020195, 4199402, 441840]",True,True,True,1256,2132,False
4169095,Bradycardia,"[4008453, 4277352, 4117930, 4199402, 4103183, 4021775, 441840, 43531057, 4103189, 4094294, 4227253, 4023995, 4042140, 4115390, 4185503]",True,True,True,3492,637,True
4121479,Ectopic atrial tachycardia,"[4008453, 4171269, 4103183, 4180628, 4042140, 4185503, 3655971, 4047779, 4028071, 134057, 4117930, 43531056, 43531057, 321588, 4227253, 4023995, 4068155, 4115390, 440142, 4043346, 44784217, 4248028, 4274025, 4199402, 441840]",False,True,False,8,0,False
4236169,Ventricular aneurysm,"[4008453, 4103183, 4180628, 438168, 4042140, 4185503, 4047779, 4028071, 134057, 4117930, 43531056, 43531057, 321588, 4227253, 4023995, 4115390, 440142, 4043346, 4332246, 4166245, 4274025, 4199402, 441840, 4027255]",True,False,False,0,104,True
4253065,Posterior myocardial infarction on electrocardiogram,"[4064609, 4010019, 4008453, 40484102, 40480457, 4117134, 441840, 320536]",True,True,True,84,17,True
4119949,Old anterior myocardial infarction,"[4008453, 4103183, 4180628, 4103192, 432795, 4042140, 4185503, 4047779, 4028071, 134057, 314666, 4117930, 43531056, 43531057, 321588, 4227253, 4023995, 4115390, 4108611, 4354249, 4185932, 440142, 4043346, 4239975, 4274025, 4199402, 4027255, 441840, 4329847, 43530876, 43530877]",True,True,True,618,55,True
4007310,Sinus tachycardia,"[4008453, 444070, 4277352, 4117930, 4199402, 4103183, 4021775, 441840, 43531057, 4103189, 4094294, 4227253, 4023995, 4042140, 4115390, 4185503]",True,True,True,957,826,True
4119950,Old lateral myocardial infarction,"[4008453, 4103183, 4180628, 4103192, 432795, 4042140, 4185503, 4047779, 4028071, 134057, 314666, 4117930, 43531056, 43531057, 321588, 4227253, 4023995, 4115390, 4108611, 4354249, 4185932, 440142, 4043346, 4239975, 4274025, 4199402, 4027255, 441840, 4329847, 43530876, 43530877]",True,False,False,0,6,True
4138896,ECG: pacemaker active,"[4010019, 4008453, 40480457, 4117134, 441840]",True,True,True,336,294,False
40480657,Bilateral enlargement of atria,"[43021828, 4008453, 4103183, 4180628, 4042140, 4185503, 4101026, 3655971, 4047779, 4028071, 4100136, 134057, 4117930, 43020843, 43020844, 43531056, 43531057, 321588, 4227253, 4023995, 4115390, 440142, 4043346, 4274025, 4199402, 441840, 43022066, 4027255]",False,True,False,29,0,True
4134294,Acute inflammatory disease,"[4008453, 4274025, 443883, 441840, 4027384]",False,True,False,12,0,False
4137879,EKG: lateral ischemia,"[4010019, 4008453, 40484102, 40480457, 4117134, 441840, 320536, 4064346]",True,True,True,1293,140,True
438168,Aneurysm of heart,"[4008453, 4103183, 4180628, 4042140, 4185503, 4047779, 4028071, 134057, 4117930, 43531056, 43531057, 321588, 4227253, 4023995, 4115390, 440142, 4043346, 4332246, 4274025, 4199402, 441840, 4027255]",True,False,False,0,104,False
438170,Acute myocardial infarction of inferior wall,"[4008453, 312327, 4167693, 4103183, 4103184, 4180628, 4103192, 432795, 4042140, 4185503, 4047779, 4028071, 134057, 4117930, 43531056, 43531057, 321588, 4227253, 4023995, 4115390, 4108611, 4354249, 4185932, 440142, 4028367, 4043346, 319844, 4166245, 442982, 4239975, 4274025, 4199402, 443883, 4027255, 441840, 4329847, 4132088, 43530876, 43530877]",True,True,True,89,55,True
4008859,Prolonged QT interval,"[4010019, 4008453, 40484102, 40480457, 4117134, 441840, 320536, 4273018, 4273023]",True,True,True,636,117,True
4042140,Finding by site,"[441840, 4008453]",True,True,True,21759,21533,False
4185503,Finding of region of thorax,"[4008453, 4117930, 4199402, 441840, 43531057, 4042140]",True,True,True,21759,21533,False
4101026,Right atrial abnormality,"[4008453, 4103183, 4180628, 4042140, 4185503, 3655971, 4047779, 4028071, 134057, 4117930, 43020843, 43531056, 43531057, 321588, 4227253, 4023995, 4115390, 440142, 4043346, 4274025, 4199402, 441840, 4027255]",True,True,True,132,99,False
4047779,Disorder by body site,"[4008453, 4274025, 441840, 4042140]",True,True,True,13160,12105,False
4171683,Sinus bradycardia,"[4008453, 4169095, 4103183, 4021775, 4180628, 4103189, 4042140, 4185503, 3655971, 4047779, 4028071, 134057, 4117930, 43531056, 43531057, 321588, 4227253, 4023995, 4068155, 4115390, 440142, 4043346, 4094294, 44784217, 4248028, 4228448, 4277352, 4274025, 4199402, 441840]",True,True,True,3476,637,True
40482505,Left posterior fascicular block on electrocardiogram,"[4008453, 40484102, 4117134, 4103183, 320536, 4042140, 4185503, 4010019, 4117930, 43531057, 4227253, 4023995, 4115390, 4064457, 40480457, 4064614, 4199402, 441840]",True,True,True,26,177,False
4231591,Right ventricular hypertrophy,"[4008453, 4103183, 4165905, 4180628, 4116633, 4042140, 4185503, 4047779, 4028071, 134057, 4117930, 43531056, 43531057, 321588, 4227253, 4023995, 4115390, 440142, 4145489, 4043346, 4166245, 4274025, 4199402, 441840, 4101621, 4027255]",True,True,True,60,126,True
134057,Disorder of cardiovascular system,"[4047779, 4008453, 4274025, 441840, 4180628, 4023995, 4042140]",True,True,True,13160,12105,False
4117930,Finding of trunk structure,"[4008453, 4199402, 441840, 4042140]",True,True,True,21759,21533,False
320425,Heart block,"[4008453, 4103183, 4180628, 4042140, 4185503, 4047779, 4028071, 134057, 4117930, 43531056, 43531057, 321588, 4227253, 4023995, 4115390, 316999, 440142, 4043346, 44784217, 4274025, 4199402, 441840]",True,True,True,3687,4822,True
4138921,EKG: Mobitz type II atrioventricular block,"[4010019, 4008453, 40484102, 4064457, 40480457, 4117930, 4199402, 4117134, 4103183, 441840, 43531057, 4227253, 320536, 4023995, 4042140, 4115390, 4185503]",False,True,False,9,0,False
4167085,Pulmonary heart disease,"[4008453, 4103183, 4180628, 4042140, 4185503, 4047779, 4028071, 134057, 4117930, 43531056, 43531057, 321588, 4227253, 4023995, 4115390, 440142, 4043346, 4274025, 4199402, 441840]",False,True,False,64,0,True
4057008,Accelerated atrioventricular conduction,"[4008453, 4103183, 4180628, 4042140, 4185503, 4047779, 4028071, 134057, 4117930, 43531056, 43531057, 321588, 4227253, 4023995, 4115390, 440142, 4043346, 44784217, 4274025, 4199402, 441840]",True,True,True,49,79,False
4239283,Cardiovascular observable,"[4181664, 4008453, 4181663]",False,True,False,169,0,False
313780,Mobitz type II atrioventricular block,"[4008453, 4103183, 4180628, 4042140, 4185503, 3655971, 4047779, 4028071, 320425, 134057, 43020843, 4117930, 43531056, 43531057, 321588, 4227253, 4305210, 4023995, 4115390, 4108611, 316999, 440142, 4111570, 4043346, 44784217, 316135, 4239975, 4274025, 4199402, 318448, 441840]",False,True,False,9,0,True
4327859,Nonspecific ST-T abnormality on electrocardiogram,"[4010019, 4008453, 40484102, 40480457, 4117134, 4184762, 441840, 320536, 4273018, 4273022]",True,True,True,2062,767,True
4171193,Idioventricular rhythm,"[4008453, 4103183, 4180628, 4042140, 4185503, 4047779, 4028071, 134057, 4117930, 43531056, 43531057, 321588, 4227253, 4023995, 4115390, 440142, 4043346, 44784217, 4185572, 4274025, 4199402, 441840]",True,True,True,224,82,True
4276669,Normal sinus rhythm,"[4008453, 4117930, 4199402, 4103183, 4021775, 441840, 43531057, 4114162, 4227253, 4094294, 4091898, 4024571, 4042140, 4023995, 4115390, 4185503]",False,True,False,12631,0,True
4115390,Mediastinal finding,"[4008453, 4117930, 4199402, 441840, 43531057, 4042140, 4185503]",True,True,True,21759,21533,False
313791,Bundle branch block,"[4008453, 4103183, 4180628, 4042140, 4185503, 4047779, 4028071, 320425, 134057, 4117930, 43531056, 43531057, 321588, 4227253, 4023995, 4166844, 4115390, 316999, 440142, 4043346, 44784217, 4274025, 4199402, 441840]",True,True,True,2258,3659,True
313792,Paroxysmal tachycardia,"[4008453, 4103183, 4180628, 4042140, 4185503, 4047779, 4028071, 134057, 4117930, 43531056, 43531057, 321588, 4227253, 4023995, 4115390, 440142, 4028367, 4043346, 44784217, 4277352, 4274025, 4199402, 443883, 441840, 4132088, 315643]",True,False,False,0,24,False
436670,Metabolic disease,"[441840, 4274025, 4008453]",True,False,False,0,96,False
4143042,Ectopic beats,"[4008453, 4103183, 4180628, 4042140, 4185503, 4047779, 4028071, 134057, 4117930, 43531056, 43531057, 321588, 4227253, 4023995, 4115390, 440142, 4043346, 44784217, 4274025, 4199402, 441840]",True,True,True,214,20,True
4296653,Acute ST segment elevation myocardial infarction,"[4008453, 40484102, 312327, 4117134, 4103183, 4180628, 320536, 4103192, 432795, 4042140, 4185503, 4010019, 4047779, 4028071, 134057, 4117930, 43531056, 43531057, 321588, 4227253, 4184762, 4023995, 4115390, 4108611, 4354249, 40480457, 4185932, 440142, 4028367, 4043346, 4295129, 4329847, 319844, 4239975, 4274025, 4199402, 443883, 441840, 4027255, 4132088, 4273018, 43530876, 43530877, 4273022]",False,True,False,178,0,True
4028367,Acute disease of cardiovascular system,"[4047779, 4008453, 134057, 4274025, 443883, 441840, 4180628, 4023995, 4042140]",True,True,True,190,174,False
4244435,Decreased electrocardiogram voltage,"[4010019, 4008453, 40480457, 4117134, 441840, 4269141]",True,True,True,356,182,False
40483798,Bifascicular block on electrocardiogram,"[4010019, 4008453, 40484102, 4064457, 40480457, 4117930, 4199402, 4117134, 4103183, 441840, 43531057, 4227253, 320536, 4023995, 4042140, 4115390, 4185503]",False,True,False,142,0,False
4138456,ECG: sinus bradycardia,"[4010019, 4008453, 4142566, 4145513, 40480457, 4117134, 441840]",True,True,True,3476,637,False
4245977,Inverted T wave,"[4010019, 4008453, 40484102, 40480457, 4117134, 441840, 320536, 4273018, 4267231]",True,False,False,0,294,True
4295129,ST segment elevation,"[4010019, 4273018, 4008453, 40484102, 40480457, 4117134, 441840, 320536, 4184762, 4273022]",True,True,True,178,28,True
4248028,Supraventricular arrhythmia,"[4008453, 4103183, 4180628, 4042140, 4185503, 4047779, 4028071, 134057, 4117930, 43531056, 43531057, 321588, 4227253, 4023995, 4115390, 440142, 4043346, 44784217, 4274025, 4199402, 441840]",True,True,True,5914,2766,True
4140001,ECG: junctional rhythm,"[4010019, 4008453, 40480457, 4117134, 441840]",False,True,False,122,0,True
436706,Acute myocardial infarction of lateral wall,"[4008453, 312327, 4103183, 4180628, 4103192, 432795, 4042140, 4185503, 4047779, 4028071, 134057, 4117930, 43531056, 43531057, 321588, 4227253, 4023995, 4115390, 4108611, 4354249, 4185932, 440142, 4028367, 4043346, 319844, 4239975, 4274025, 4199402, 443883, 4027255, 441840, 4329847, 4132088, 43530876, 43530877]",True,True,True,6,5,True
4020195,EKG hypertrophy,"[4010019, 4008453, 40484102, 40480457, 4117134, 441840, 320536]",True,True,True,1256,2132,False
4185572,Ventricular arrhythmia,"[4008453, 4103183, 4180628, 4042140, 4185503, 4047779, 4028071, 134057, 4117930, 43531056, 43531057, 321588, 4227253, 4023995, 4115390, 440142, 4043346, 44784217, 4274025, 4199402, 441840]",True,True,True,305,102,True
4144613,ECG: ectopic beats - premature atrial contraction,"[4010019, 4064867, 4008453, 40480457, 4117930, 4199402, 4117134, 4103183, 441840, 43531057, 4227253, 4023995, 4042140, 4115390, 4185503]",True,False,False,0,398,True
441830,Disorder of fluid AND/OR electrolyte,"[4008453, 4274025, 441840, 436670]",True,False,False,0,96,False
4142566,ECG: bradycardia,"[4010019, 4008453, 40480457, 4117134, 441840]",True,True,True,3492,637,False
4181993,Pacemaker ECG pattern - finding,"[4010019, 4008453, 40480457, 4117134, 441840]",False,True,False,222,0,True
4199402,Finding of body region,"[441840, 4042140, 4008453]",True,True,True,21759,21533,False
443883,Acute disease,"[441840, 4274025, 4008453]",True,True,True,190,174,False
4181994,QRS Axis - finding,"[4010019, 4008453, 40480457, 4117134, 441840, 4197951]",False,True,False,1980,0,False
4142573,ECG: junctional tachycardia,"[4010019, 4008453, 40480457, 4117134, 441840]",False,True,False,8,0,True
441840,Clinical finding,[4008453],True,True,True,21799,21799,False
318448,Second degree atrioventricular block,"[4008453, 4103183, 4180628, 4042140, 4185503, 3655971, 4047779, 4028071, 320425, 134057, 43020843, 4117930, 43531056, 43531057, 321588, 4227253, 4305210, 4023995, 4115390, 4108611, 316999, 440142, 4111570, 4043346, 44784217, 316135, 4239975, 4274025, 4199402, 441840]",True,True,True,40,14,True
4066289,Ventricular premature beats,"[4008453, 316429, 4103183, 4180628, 4042140, 4185503, 4047779, 4028071, 134057, 4117930, 43531056, 43531057, 321588, 4227253, 4023995, 4115390, 4143042, 440142, 4043346, 44784217, 4185572, 4274025, 4199402, 441840]",True,False,False,0,20,False
4164083,Ectopic rhythm,"[4008453, 4103183, 4180628, 4042140, 4185503, 4047779, 4028071, 134057, 4117930, 43531056, 43531057, 321588, 4227253, 4023995, 4115390, 440142, 4043346, 44784217, 4274025, 4199402, 441840]",False,True,False,198,0,True
4101621,Right ventricular abnormality,"[4008453, 4103183, 4165905, 4180628, 4116633, 4042140, 4185503, 4047779, 4028071, 134057, 4117930, 43531056, 43531057, 321588, 4227253, 4023995, 4115390, 440142, 4043346, 4166245, 4274025, 4199402, 441840, 4027255]",True,True,True,60,126,False
444406,Acute subendocardial infarction,"[4008453, 312327, 4103183, 4180628, 4103192, 432795, 4042140, 4185503, 4263712, 4047779, 4028071, 134057, 4117930, 43531056, 43531057, 321588, 4227253, 4023995, 4115390, 4108611, 4354249, 765132, 4185932, 440142, 4028367, 4043346, 319844, 4239975, 4274025, 4199402, 443883, 4027255, 441840, 4329847, 4132088, 43530876, 43530877]",True,False,False,0,5,True
4268535,P wave - finding,"[4010019, 4008453, 40480457, 4117134, 441840, 4273018]",False,True,False,78,0,False
4027384,Inflammatory disorder,"[441840, 4274025, 4008453]",False,True,False,12,0,False
4091898,Sinus rhythm,"[4008453, 4117930, 4199402, 4021775, 4103183, 441840, 4114162, 43531057, 4227253, 4094294, 4023995, 4042140, 4115390, 4185503]",True,True,True,15201,16748,False
4091901,Aberrant premature complexes,"[4008453, 4103183, 4180628, 4042140, 4185503, 4047779, 4028071, 134057, 4117930, 43531056, 43531057, 321588, 4227253, 4023995, 4115390, 440142, 4043346, 44784217, 4274025, 4199402, 441840]",True,True,True,2151,1513,True
4065279,ECG normal,"[4010019, 4008453, 40480457, 4117134, 441840]",True,True,True,8587,9514,True
